title, price, image
14° GX-7 “X-Metal” – Driver Distance. Fairway Wood Accuracy – Mens & Womens Models – Includes Head Cover – Long. Accurate Tee Shots – Legal for Tournament Play, $199.00, https://m.media-amazon.com/images/I/41MLXChBatL._AC_UY218_.jpg
Taylormade Golf Stealth2 Fairway Steel #7/Right Hand Stiff, $349.99, https://m.media-amazon.com/images/I/616bR+Q4R3L._AC_UY218_.jpg
Taylormade Golf Spider GTX Putter, $240.17, https://m.media-amazon.com/images/I/61vfLK5aRGL._AC_UY218_.jpg
TaylorMade SiM 2 Max Fairway, $214.99, https://m.media-amazon.com/images/I/61Go5umc7iL._AC_UY218_.jpg
Royalaxe Self Standing Golf Putter Right Handed CNC Milled Ultra Low Center of Gravity Golf Club Head with Sighting Line + Ultralight Graptlite Shaft + High Density EVA Anti-Slip Golf Club Grip, $199.99, https://m.media-amazon.com/images/I/61fGd7v2cTL._AC_UY218_.jpg
TaylorMade M4 Fairway Mens, $179.78, https://m.media-amazon.com/images/I/61Rs562DyxS._AC_UY218_.jpg
Taylormade Spider GT Red/Silver/Black, $180.19, https://m.media-amazon.com/images/I/719P1nnYcjL._AC_UY218_.jpg
Taylormade Golf Spider GTX Putter, $241.38, https://m.media-amazon.com/images/I/61l3YGes4AL._AC_UY218_.jpg
2023 Taylormade Golf P790 Irons, $1.599.99, https://m.media-amazon.com/images/I/51XY7ce1XzL._AC_UY218_.jpg
Taylormade Golf Stealth2 High Draw Rescue 4-23/Left Hand Stiff, $279.99, https://m.media-amazon.com/images/I/51ginOzyHFL._AC_UY218_.jpg
TaylorMade Spider GT Putt SB/NB, $179.99, https://m.media-amazon.com/images/I/71Rozz5n7tL._AC_UY218_.jpg
TaylorMade SiM 2 Max Iron Set Mens, $629.99, https://m.media-amazon.com/images/I/51nuwBW0GkS._AC_UY218_.jpg
New! Hybrids by Thomas Golf [Choose Any Hand. Any Flex. Any Loft] (2023) from Driver to LW +Includes Head Cover!, $168.98, https://m.media-amazon.com/images/I/51qTAUc3eVS._AC_UY218_.jpg
WILSON Harmonized Golf Wedges, $39.99, https://m.media-amazon.com/images/I/71DP2fOXDpL._AC_UY218_.jpg
Taylormade Golf Stealth Iron Set, $999.99, https://m.media-amazon.com/images/I/61Z18bcWXLL._AC_UY218_.jpg
TaylorMade Stealth Rescue, $201.99, https://m.media-amazon.com/images/I/611Ki8K1zAL._AC_UY218_.jpg
TaylorMade Hi-Toe 3 Wedge, $179.99, https://m.media-amazon.com/images/I/81RsGTFDAUL._AC_UY218_.jpg
TaylorMade SIM MAX Hybrid, $166.99, https://m.media-amazon.com/images/I/6119LzzGPsL._AC_UY218_.jpg
Taylormade M4 Iron Sets, $599.99, https://m.media-amazon.com/images/I/61kFo-jEkQS._AC_UY218_.jpg
Taylormade Golf MG4 Chrome Wedge, $179.00, https://m.media-amazon.com/images/I/51gWjNubTkL._AC_UY218_.jpg
TaylorMade M4 Rescue Mens, $159.98, https://m.media-amazon.com/images/I/5172oDlxWIS._AC_UY218_.jpg
TaylorMade Spider X Putter HydroBlast Single Bend, $209.99, https://m.media-amazon.com/images/I/51J7dnZh5PL._AC_UY218_.jpg
TaylorMade SiM 2 Max Rescue Mens, $199.98, https://m.media-amazon.com/images/I/41BqrTHSjdL._AC_UY218_.jpg
2023 Taylormade Golf P790 Irons, $1.399.95, https://m.media-amazon.com/images/I/51XY7ce1XzL._AC_UY218_.jpg
Taylormade Golf Stealth2 Plus Rescue 3-19.5/Right Hand X-, $299.99, https://m.media-amazon.com/images/I/512zjTcRg1L._AC_UY218_.jpg
TaylorMade Stealth Steel Fairway #3 Righthanded, $257.39, https://m.media-amazon.com/images/I/61sFgxEx6cL._AC_UY218_.jpg
TaylorMade Stealth Plus Tour Rescue, $199.99, https://m.media-amazon.com/images/I/6106cUF31aL._AC_UY218_.jpg
Taylormade Golf -Hi-Toe3 Wedge Chrome, $179.99, https://m.media-amazon.com/images/I/716g3E9Z5DL._AC_UY218_.jpg
TaylorMade EF Carbon Wedge 58 Degree. 13 Bounce. Right Hand, $69.99, https://m.media-amazon.com/images/I/71KIa+v+KnL._AC_UY218_.jpg
Taylormade Golf Stealth2 Rescue 4-22/Left Hand Stiff, $237.99, https://m.media-amazon.com/images/I/51vPJaYDr8L._AC_UY218_.jpg
TaylorMade PT-TP Hydroblast Soto #1. Right Hand. 34 in, $169.99, https://m.media-amazon.com/images/I/51VamaEqWnS._AC_UY218_.jpg
MW8 Moon Wood – Premium Golf Fairway Wood for Men and Women – Golf Club Includes Headcover – Legal for Tournament Play, $179.00, https://m.media-amazon.com/images/I/61bSTqtGwdL._AC_UY218_.jpg
TaylorMade SiM 2 Max Draw Fairway, $232.49, https://m.media-amazon.com/images/I/51LXGU3F05S._AC_UY218_.jpg
Taylormade Golf Stealth2 Fairway Steel #7/Right Hand Stiff, $297.49, https://m.media-amazon.com/images/I/616bR+Q4R3L._AC_UY218_.jpg
Taylormade Stealth Titanium Fairway #5 Lefthanded/Righthanded, $349.99, https://m.media-amazon.com/images/I/61rWcHR1nPL._AC_UY218_.jpg
TaylorMade M4 Fairway Wood, $247.99, https://m.media-amazon.com/images/I/8120MdRHSGL._AC_UY218_.jpg
Vixa V12 Fairway Wood Golf Club for Men & Women- Versatile & Dependable Club for Long Accurate Shots with Heat-Treated INOX Steel Clubface & High Performance Graphite Shaft, $199.00, https://m.media-amazon.com/images/I/31bHlDj+n7L._AC_UY218_.jpg
Taylor Made Taylormade Stealth 2 Fairway Wood Ventus Red Shaft Custom Choose Flex Loft Dext, $349.99, https://m.media-amazon.com/images/I/51Cc7vmKUaL._AC_UY218_.jpg
TaylorMade Stealth Steel Fairway #3HL Righthanded, $279.98, https://m.media-amazon.com/images/I/61sFgxEx6cL._AC_UY218_.jpg
TaylorMade Spider GT, $179.99, https://m.media-amazon.com/images/I/716v6Y5bjPL._AC_UY218_.jpg
TaylorMade Stealth Steel Fairway #3HL Righthanded, $279.99, https://m.media-amazon.com/images/I/61sFgxEx6cL._AC_UY218_.jpg
TaylorMade Golf TP Hydro Blast DuPage Single Bend Putter, $124.99, https://m.media-amazon.com/images/I/51Dt+TrFWrS._AC_UY218_.jpg
TaylorMade Stealth Steel Fairway #7 Righthanded, $308.25, https://m.media-amazon.com/images/I/61sFgxEx6cL._AC_UY218_.jpg
2023 TaylorMade Spider GTX Putter, $241.45, https://m.media-amazon.com/images/I/51yiXgJrGpL._AC_UY218_.jpg
WENGH Golf Fairway 3 Wood or 5 Wood.Golf Fairway Woods for Men Right Handed Golfers.with Graphite Shaft (Flex-Reqular)-43.5 Inch, $109.00, https://m.media-amazon.com/images/I/61bqHdZd3oL._AC_UY218_.jpg
Taylormade PT-TP HydroblastSoto #1. Right Hand. 35 in, $169.97, https://m.media-amazon.com/images/I/51VamaEqWnS._AC_UY218_.jpg
New TaylorMade Sim2 Max D #7-22 Fairway Wood. Air Speeder 45 Senior Flex, $199.99, https://m.media-amazon.com/images/I/61Jkul7wDFL._AC_UY218_.jpg
WENGH Golf Putter Right Handed for Men and Women with CNC Milled Face Available Two Colors -red and black-34 inches, $79.00, https://m.media-amazon.com/images/I/619tZsrXe6L._AC_UY218_.jpg
TaylorMade SIM Titanium Fairway, $194.90, https://m.media-amazon.com/images/I/61lvlOn7kqL._AC_UY218_.jpg
TaylorMade Spider X Hydroblast Putter SX-72. Single Bend. SS Grip, $179.99, https://m.media-amazon.com/images/I/61mrzvdE4xL._AC_UY218_.jpg
Taylormade Sim2 Max #3HL Fairway Wood. Blue Tensei AV Series 65 Regular Flex, $199.99, https://m.media-amazon.com/images/I/51aogS0a5vL._AC_UY218_.jpg
2023 TaylorMade Spider GT Max Putter, $391.72, https://m.media-amazon.com/images/I/61eKEslOWkL._AC_UY218_.jpg
TaylorMade M4 Fairway Woods. Tensei AV Raw Blue FW Shaft, $179.99, https://m.media-amazon.com/images/I/41FZV3i7jRL._AC_UY218_.jpg
TP Hydroblast Del Monte 7, $169.99, https://m.media-amazon.com/images/I/61kHJysza5S._AC_UY218_.jpg
POSSOT Golf Fairway Wood. 3/5 Wood with Graphite Shafts for Man's. Golf Club with Premium Regular and Stiff Flex Shaft. Right Handed, $99.99, https://m.media-amazon.com/images/I/71MCcmDFspL._AC_UY218_.jpg
TaylorMade Spider GT Putter NB, $179.99, https://m.media-amazon.com/images/I/71CGxhac2lL._AC_UY218_.jpg
TaylorMade Golf MG2 Wedge, $99.99, https://m.media-amazon.com/images/I/41kd83jYR3L._AC_UY218_.jpg
XINGGM CNC Golf Putter for Men Right Handed.Blade/Mallet Putters.Golf Head Cover Included-34 Inches, $69.99, https://m.media-amazon.com/images/I/611nkBATlVL._AC_UY218_.jpg
TaylorMade Spider X Putter HydroBlast Flowneck (#9), $209.99, https://m.media-amazon.com/images/I/519ydbpgoAS._AC_UY218_.jpg
TaylorMade Golf TP Hydro Blast Bandon Short Slant Putter, $169.98, https://m.media-amazon.com/images/I/51pfvZCse9S._AC_UY218_.jpg
Taylormade Golf Stealth High Draw Iron Set 5-P.A/Right Hand Graphite Regular, $900.17, https://m.media-amazon.com/images/I/61-tJo+eOaL._AC_UY218_.jpg
P770 Iron Set. Steel Shaft, $999.95, https://m.media-amazon.com/images/I/61Cd40gM4tL._AC_UY218_.jpg
TP Hydroblast Del Monte 1, $169.98, https://m.media-amazon.com/images/I/51-M9bKThZS._AC_UY218_.jpg
POSSOT Golf Putter CNC Milled Premium Putter Golf Beautiful Screw Decoration Putter Head Sturdy Putter Shaft Right Handed Perfect Alignment Legal for Tournament Play, $89.99, https://m.media-amazon.com/images/I/71S08tzWsSL._AC_UY218_.jpg
Taylormade Golf Stealth Combo Sets, $1.199.99, https://m.media-amazon.com/images/I/616KTigFLQL._AC_UY218_.jpg
TaylorMade M4 Combo Sets, $547.99, https://m.media-amazon.com/images/I/51YdKFmXX4L._AC_UY218_.jpg
POSSOT Golf Putter Zinc Aluminum Alloy Putters Golf Club Right Handed CNC Milled Putter Face Sturdy Steel Shafts Easy-to-Control Grip for Man and Woman Golfer, $45.99, https://m.media-amazon.com/images/I/61FTQf8As6L._AC_UY218_.jpg
Taylormade Golf Stealth Iron, $1.257.13, https://m.media-amazon.com/images/I/61+zM90SjNL._AC_UY218_.jpg
Taylor Made Taylormade Stealth 2 Rescue Hybrid Ventus Shafts Choose Loft Flex Dex, $279.99, https://m.media-amazon.com/images/I/51quDY2m+wL._AC_UY218_.jpg
2023 TaylorMade Milled Grind 4 Wedge RH 48 9 Standard Bounce Steel Stiff, $179.99, https://m.media-amazon.com/images/I/51ZEq6vRztL._AC_UY218_.jpg
Taylormade Stealth Black Irons, $1.199.99, https://m.media-amazon.com/images/I/61Gqis3nqRL._AC_UY218_.jpg
TaylorMade Milled Grind Hi Toe Raw Wedge, $139.95, https://m.media-amazon.com/images/I/51uRN4TCMfS._AC_UY218_.jpg
2023 TaylorMade Women Stealth Gloire Rescue Hybrid RH 6 27 Graph Lady, $299.99, https://m.media-amazon.com/images/I/61qcs6TOgEL._AC_UY218_.jpg
WILSON Staff Model CB Men's Golf Irons, $900.00, https://m.media-amazon.com/images/I/61AxMWN18uL._AC_UY218_.jpg
iRT-5 Hybrid – Fairway Golf Club for Men & Women – Unique “Machete Rails” Cut Through Grass Effortlessly for High. Long Approach Shots, $179.00, https://m.media-amazon.com/images/I/51Y76qbli+L._AC_UY218_.jpg
TaylorMade M4 Sand Wedge, $69.99, https://m.media-amazon.com/images/I/41POr7gEeVL._AC_UY218_.jpg
Taylor Made SIM Max Iron Set 6-PW (Graphite Fujikura Ventus Blue Regular), $399.99, https://m.media-amazon.com/images/I/513Ni1GGYmL._AC_UY218_.jpg
New Taylormade Sim2 Max #3-19 Rescue. HZRDUS Smoke RDX 80g Stiff Flex, $149.99, https://m.media-amazon.com/images/I/31iwL5ppsLL._AC_UY218_.jpg
C3i Wedge - Premium Sand Wedge. Lob Wedge for Men & Women - Escape Bunkers in One. Easy Flop Shots – Legal for Tournament Play. Quickly Cuts Strokes from Your Short Game- High Loft Golf Club, $99.00, https://m.media-amazon.com/images/I/31J6+KHLYiL._AC_UY218_.jpg
TaylorMade SiM 2 Max Combo Mens, $819.99, https://m.media-amazon.com/images/I/61z0usCc1mL._AC_UY218_.jpg
TaylorMade M3 Hybrid Rescue Club, $149.99, https://m.media-amazon.com/images/I/61w40YGh6cL._AC_UY218_.jpg
New Taylormade P770 Approach Wedge/Steel Dynamic Gold Stiff Flex Shaft, $59.99, https://m.media-amazon.com/images/I/410EsoxjZ9L._AC_UY218_.jpg
New TaylorMade SIM Max #6-PW Iron Set. Steel NS Pro 840 Stiff Flex, $399.99, https://m.media-amazon.com/images/I/41nIz19VedL._AC_UY218_.jpg
TaylorMade SIM MAX Women's Hybrid, $147.75, https://m.media-amazon.com/images/I/516SPKMRfPL._AC_UY218_.jpg
TaylorMade 2021 M4 Combo Iron Set - 3H. 4H. 5-PW - Right Hand, $699.99, https://m.media-amazon.com/images/I/51+XHvUoTcL._AC_UY218_.jpg
Taylormade Golf Stealth Iron Set, $142.85, https://m.media-amazon.com/images/I/61Z18bcWXLL._AC_UY218_.jpg
Taylormade Golf Stealth Combo Sets, $1.199.99, https://m.media-amazon.com/images/I/616KTigFLQL._AC_UY218_.jpg
WENGH Golf Irons Set 9 pcs(4.5.6.7.8.9.PW.GW.SW) or Individual Golf Iron 7 for Men Right Handed Golfers -(Flex- Regular), $239.99, https://m.media-amazon.com/images/I/715rTbKy2ZL._AC_UY218_.jpg
Taylormade Golf Stealth Iron, $157.14, https://m.media-amazon.com/images/I/61+zM90SjNL._AC_UY218_.jpg
TaylorMade Stealth Plus Tour Rescue, $249.99, https://m.media-amazon.com/images/I/6106cUF31aL._AC_UY218_.jpg
Taylormade M3#4 Transition Iron (+1 1/2 Inches). 40.25". Steel Reax 88 Regular Flex, $69.99, https://m.media-amazon.com/images/I/414tS3oOAJL._AC_UY218_.jpg
Taylor Made Hi-Toe RAW Big Foot Wedge 60 * 15* (KBS Hi-Rev 115. Left) 2021, $139.95, https://m.media-amazon.com/images/I/41y4H9SDj3S._AC_UY218_.jpg
TaylorMade M4 Combo Sets, $612.98, https://m.media-amazon.com/images/I/51YdKFmXX4L._AC_UY218_.jpg
TaylorMade P770 and P7MB Combo Iron Set. 3-Pw. KBS Tour FLT 120 Stiff Flex., $899.99, https://m.media-amazon.com/images/I/61qwzP3NatL._AC_UY218_.jpg
XINGGM Forged Golf Wedge for Men - 52/56/60 Degree Gap Wedge Sand Wedge Lob Wedge Right Hand.Milled Face for More Spin.Easily Escape from Bunker, $32.99, https://m.media-amazon.com/images/I/61MSvJ-OTzL._AC_UY218_.jpg
Men's TaylorMade RocketBallz Tour Rescue Woods Utility, $75.49, https://m.media-amazon.com/images/I/61d+0AjlJDL._AC_UY218_.jpg
WILSON D9 Men's Golf Iron Set, $529.99, https://m.media-amazon.com/images/I/71W4bEBHBEL._AC_UY218_.jpg
Taylormade P760 Approach Wedge. Steel Dynamic Gold XP Regular Flex, $79.99, https://m.media-amazon.com/images/I/418LLqo2T2L._AC_UY218_.jpg
TaylorMade M4 Hybrid Rescue Club, $144.95, https://m.media-amazon.com/images/I/71bu+fAtbiL._AC_UY218_.jpg
New Taylormade Milled Grind 60 THB-14 Wedge. Dynamic Gold S200 Stiff Flex, $99.99, https://m.media-amazon.com/images/I/21uBxbZgRHL._AC_UY218_.jpg
Golf Driver Head Covers.Golf Fairway Headcover Cover.Golf Wood Headcovers USA Rescue Black Cool Thick Synthetic Leather Well-Made for Taylormade Titleist Callaway, $50.98, https://m.media-amazon.com/images/I/71njv1EDF0L._AC_UY218_.jpg
Taylormade Golf Stealth2 Plus Rescue 3-19.5/Right Hand X-, $299.99, https://m.media-amazon.com/images/I/512zjTcRg1L._AC_UY218_.jpg
Mile High Life | Entry Level Golf Sand Wedge Sets | Beginner’s Golf Gap Wedge Sets | Lob Wedge Golf Clubs for Men & Women | 50/52/54/56/58/60 Right Handed, $82.99, https://m.media-amazon.com/images/I/71IJ4ZopN5L._AC_UY218_.jpg
MAZEL Single Length Golf Club Irons Set for Men & Women (4.5.6.7.8.9.P.A.S) or Individual Iron 7.Left/Right Handed.37.5 Inch, $299.00, https://m.media-amazon.com/images/I/81R7BEVB47L._AC_UY218_.jpg
MAZEL Wedge Golf Clubs for Female.52/56 Degree Strawberry Shape Women Wedges for Valentine's Day.Birthday.Christmas.Thanksgiving Gift, $55.00, https://m.media-amazon.com/images/I/610J3STFOeL._AC_UY218_.jpg
T11 Power Back Iron Set 4-SW Custom Made Golf Clubs Right Hand Regular R Flex Steel Shafts Men's Standard Irons, $279.95, https://m.media-amazon.com/images/I/61HwjCuAO9L._AC_UY218_.jpg
Wilson Staff Men's Harmonized Black Chrome Golf Wedge, $39.29, https://m.media-amazon.com/images/I/71qx-iGqKfL._AC_UY218_.jpg
Royalaxe Self Standing Golf Putter Right Handed CNC Milled Ultra Low Center of Gravity Golf Club Head with Sighting Line + Ultralight Graptlite Shaft + High Density EVA Anti-Slip Golf Club Grip, $199.99, https://m.media-amazon.com/images/I/61fGd7v2cTL._AC_UY218_.jpg
Odyssey Golf DFX Putter, $128.99, https://m.media-amazon.com/images/I/61ReyuOcRvS._AC_UY218_.jpg
Odyssey Golf 2021 White Hot OG Putter, $199.98, https://m.media-amazon.com/images/I/61Pf6aMxL-L._AC_UY218_.jpg
Odyssey Golf 2022 Ten Putter, $299.99, https://m.media-amazon.com/images/I/61ETzKu0tHL._AC_UY218_.jpg
Odyssey Golf Eleven Triple Track S Putter, $277.22, https://m.media-amazon.com/images/I/61JtqlbC9mL._AC_UY218_.jpg
Callaway 2022 Eleven Putter (Tour Lined. Right Hand. 35" Shaft. Double Bend Hosel. Oversized Grip).Silver, $278.99, https://m.media-amazon.com/images/I/61pPJP2YVTL._AC_UY218_.jpg
Callaway Golf Mavrik 22 Driver, $247.99, https://m.media-amazon.com/images/I/71qCg8SED1L._AC_UY218_.jpg
Odyssey Golf DFX Putter(Right-Handed. One. Oversized Grip. 33), $128.99, https://m.media-amazon.com/images/I/61ReyuOcRvS._AC_UY218_.jpg
Callaway Golf Rogue ST Max Iron Set, $531.94, https://m.media-amazon.com/images/I/71hhp10od0L._AC_UY218_.jpg
Callaway Golf 2022 Rogue ST Max Driver, $399.98, https://m.media-amazon.com/images/I/71+qfvc1inL._AC_UY218_.jpg
Odyssey Stroke Lab Triple Track Putter, $179.99, https://m.media-amazon.com/images/I/71j5di3liXL._AC_UY218_.jpg
MW8 Moon Wood – Premium Golf Fairway Wood for Men and Women – Golf Club Includes Headcover – Legal for Tournament Play, $179.00, https://m.media-amazon.com/images/I/61bSTqtGwdL._AC_UY218_.jpg
Callaway Golf Mavrik 22 Iron Set, $574.97, https://m.media-amazon.com/images/I/81fCQqzkaOL._AC_UY218_.jpg
Odyssey Golf 2021 Ten Putter, $199.99, https://m.media-amazon.com/images/I/61FaXv+6aHL._AC_UY218_.jpg
Callaway Golf 2023 Paradym X Driver, $599.99, https://m.media-amazon.com/images/I/71tCtVvBt0L._AC_UY218_.jpg
Callaway Golf MD5 Jaws Wedge, $129.99, https://m.media-amazon.com/images/I/51wJUIEjVzL._AC_UY218_.jpg
Callaway Golf Rogue ST MAX Individual Iron, $142.69, https://m.media-amazon.com/images/I/71-1UwIig6L._AC_UY218_.jpg
Callaway Golf 2022 Rogue ST Max Fairway Wood, $268.78, https://m.media-amazon.com/images/I/41Jar55cC6L._AC_UY218_.jpg
Callaway 2022 Eleven Putter (Tour Lined. Right Hand. 34" Shaft. Center Shafted Hosel. Pistol Grip), $273.76, https://m.media-amazon.com/images/I/61XCWMoQZvL._AC_UY218_.jpg
Callaway Golf 2021 Epic Max LS Driver, $194.12, https://m.media-amazon.com/images/I/71y1NtGOJmL._AC_UY218_.jpg
Callaway Golf Mack Daddy CB Wedge, $108.03, https://m.media-amazon.com/images/I/71B0PhnualL._AC_UY218_.jpg
Callaway Golf Rogue ST Max OS Iron Set, $636.60, https://m.media-amazon.com/images/I/719uKmHuFlL._AC_UY218_.jpg
Odyssey Golf DFX Putter(Right-Handed. One. Oversized Grip. 34), $128.99, https://m.media-amazon.com/images/I/61ReyuOcRvS._AC_UY218_.jpg
Callaway X HOT Driver, $169.98, https://m.media-amazon.com/images/I/51sn7Y0lHpL._AC_UY218_.jpg
Callaway Golf 2023 Paradym Fairway Wood, $349.99, https://m.media-amazon.com/images/I/61LGKpQUdKL._AC_UY218_.jpg
Callaway Golf Rogue ST Pro Iron Set, $857.14, https://m.media-amazon.com/images/I/71QygLO6yLL._AC_UY218_.jpg
POSSOT Golf Putter Zinc Aluminum Alloy Putters Golf Club Right Handed CNC Milled Putter Face Sturdy Steel Shafts Easy-to-Control Grip for Man and Woman Golfer, $45.99, https://m.media-amazon.com/images/I/61FTQf8As6L._AC_UY218_.jpg
Callaway Golf 2023 Paradym Driver, $599.99, https://m.media-amazon.com/images/I/711KXm4MTeL._AC_UY218_.jpg
Callaway Golf 2023 Paradym Iron Set, $1.719.92, https://m.media-amazon.com/images/I/71QdoykSRZL._AC_UY218_.jpg
Callaway Golf 2022 Jaws Raw Wedge, $179.99, https://m.media-amazon.com/images/I/614jqW9osUL._AC_UY218_.jpg
Callaway Big Bertha B21 Driver, $249.99, https://m.media-amazon.com/images/I/71eSF9cnl8L._AC_UY218_.jpg
Callaway Golf Mavrik 22 Fairway Wood, $135.42, https://m.media-amazon.com/images/I/71RxKQKc7fL._AC_UY218_.jpg
Odyssey Golf DFX Putter(Left-Handed. Seven. Oversized Grip. 35), $149.99, https://m.media-amazon.com/images/I/51Yz0fThJJL._AC_UY218_.jpg
Callaway Golf JAWS Full Toe Wedge, $169.99, https://m.media-amazon.com/images/I/61A5osH-L6L._AC_UY218_.jpg
Callaway Kickback Cordless Automatic Indoor Putting Cup with Ball Return. Black, $33.75, https://m.media-amazon.com/images/I/81dLSI4BKxL._AC_UY218_.jpg
Callaway Golf 2023 Paradym X Iron Set, $999.99, https://m.media-amazon.com/images/I/71GokKCUQeL._AC_UY218_.jpg
Callaway Golf 2021 Epic Speed Driver, $249.99, https://m.media-amazon.com/images/I/71QjtiUyQ+L._AC_UY218_.jpg
Odyssey (Men) Right Putter White HOT OG #7 Double Vent, $147.45, https://m.media-amazon.com/images/I/81smG-vw67L._AC_UY218_.jpg
Callaway 2022 Eleven Putter (Tour Lined. Right Hand. 34" Shaft. Slantneck Hosel. Pistol Grip), $299.99, https://m.media-amazon.com/images/I/61xL-lMABFL._AC_UY218_.jpg
Callaway Golf Rogue ST MAX Individual Iron, $128.95, https://m.media-amazon.com/images/I/71-1UwIig6L._AC_UY218_.jpg
XINGGM CNC Golf Putter for Men Right Handed.Blade/Mallet Putters.Golf Head Cover Included-34 Inches, $65.99, https://m.media-amazon.com/images/I/61hMZHdZf2L._AC_UY218_.jpg
Odyssey Golf Eleven Tour Lined S Putter, $299.98, https://m.media-amazon.com/images/I/61xL-lMABFL._AC_UY218_.jpg
Mens Callaway Complete Golf Set - Clubs Driver. Fairway Wood. Hybrid. Irons. Putter Stand Bag Reg Flex, $999.98, https://m.media-amazon.com/images/I/813Jsuk07hL._AC_UY218_.jpg
Callaway Golf 300 Pro Slope Laser Rangefinder, $199.99, https://m.media-amazon.com/images/I/91bTAzdMHeL._AC_UY218_.jpg
POSSOT Golf Putter CNC Milled Premium Putter Golf Beautiful Screw Decoration Putter Head Sturdy Putter Shaft Right Handed Perfect Alignment Legal for Tournament Play, $89.99, https://m.media-amazon.com/images/I/71S08tzWsSL._AC_UY218_.jpg
Hiboom 4 Pack Golf Putters for Men and Women Two Way Mini Golf Putter with 4 Golf Balls Adjustable Length Kids Putter Bulk for Right or Left Handed Golfers for Children Teenagers Junior, $59.99, https://m.media-amazon.com/images/I/613TcOWQVLL._AC_UY218_.jpg
Callaway Golf Women's MD5 Jaws Wedge, $129.99, https://m.media-amazon.com/images/I/51BVxx0OXjL._AC_UY218_.jpg
Callaway Golf Rogue ST MAX OS Individual Iron, $132.77, https://m.media-amazon.com/images/I/71ulzbWvuqL._AC_UY218_.jpg
Odyssey Golf DFX Putter, $139.98, https://m.media-amazon.com/images/I/610phzc-YCS._AC_UY218_.jpg
Callaway Golf 2021 Epic Max Driver, $375.83, https://m.media-amazon.com/images/I/71TeuhAO2CL._AC_UY218_.jpg
Callaway Golf 2022 Women's Jaws Raw Wedge, $179.99, https://m.media-amazon.com/images/I/61dQpL2sN-L._AC_UY218_.jpg
Callaway Golf Mavrik 22 Fairway Wood, $179.00, https://m.media-amazon.com/images/I/71RxKQKc7fL._AC_UY218_.jpg
Callaway Golf Rogue ST MAX OS Lite Individual Iron, $152.74, https://m.media-amazon.com/images/I/71nnSVWR5kL._AC_UY218_.jpg
Bermuda Premium Golf Wedge Set for Men - 52 56 60 Degree Golf Wedges - Cavity Back Design with Full Face Milling for More Spin and Control, $169.99, https://m.media-amazon.com/images/I/61lx9Txj2BL._AC_UY218_.jpg
Callaway Mavrik 22 Approach Wedge 46* (Steel XP 95 Regular) AW, $114.28, https://m.media-amazon.com/images/I/718zsypf+iL._AC_UY218_.jpg
Callaway Golf 2023 Paradym Individual Iron, $199.99, https://m.media-amazon.com/images/I/71z5y1b2F4L._AC_UY218_.jpg
Callaway Golf Mavrik 22 Iron Set, $574.97, https://m.media-amazon.com/images/I/81fCQqzkaOL._AC_UY218_.jpg
Callaway Big Bertha B21 Single Iron, $142.86, https://m.media-amazon.com/images/I/61yJkswIb9L._AC_UY218_.jpg
POSSOT 3 PCS Wedge Set or Individual Golf Wedges. Available in 52° Gap Wedge. 56° Sand Wedge and 60° Lob Wedge for Man and Woman Right Hand. Deeper Grooves for Mixer Spin, $119.99, https://m.media-amazon.com/images/I/71060QOuMkL._AC_UY218_.jpg
Callaway Golf Big Bertha REVA Women's Individual Iron, $185.71, https://m.media-amazon.com/images/I/618yXlefdvL._AC_UY218_.jpg
Square Strike Wedge -Pitching & Chipping Wedge for Men & Women -Legal for Tournament Play -Engineered by Hot List Winning Designer -Cut Strokes from Your Golf Game Fast, $99.00, https://m.media-amazon.com/images/I/61RLbSu5YkL._AC_UY218_.jpg
AUMOTED Women's Round Toe High Wedge Heels Pumps 4" Slip On Wedges Shoes for Party Prom Wedding Dress Shoes Suede Black US Size 9.5, $48.99, https://m.media-amazon.com/images/I/71XzZPEDJ3L._AC_UY218_.jpg
Golf Iron Club Head Covers Headcovers Set. Neoprene Golf Wedges Protective fits Taylormade M5 M6 Callaway PXG. Lightweight. Lob Wedge.Sand Wedge, $14.99, https://m.media-amazon.com/images/I/71CE-L3rQZL._AC_UY218_.jpg
Callaway Golf 2022 Rogue ST Max LS Driver, $379.00, https://m.media-amazon.com/images/I/51Hb7TABVhL._AC_UY218_.jpg
Callaway Golf Mavrik 22 Iron Set, $574.97, https://m.media-amazon.com/images/I/81fCQqzkaOL._AC_UY218_.jpg
Wilson Staff Launch Pad Men's Golf Drivers - Graphite. 9/10.5/13, $149.36, https://m.media-amazon.com/images/I/61aBDKw+ceL._AC_UY218_.jpg
Callaway Golf 2022 Rogue ST Triple Diamond LS Driver, $374.99, https://m.media-amazon.com/images/I/51CPq43OT9L._AC_UY218_.jpg
Callaway Golf 2021 Apex DCB Iron Set, $900.92, https://m.media-amazon.com/images/I/81US4fquZXL._AC_UY218_.jpg
Callaway Big Bertha B21 Driver (Right. RCH 55gr Graphite. Regular. 12.5 Degrees). Silver, $262.99, https://m.media-amazon.com/images/I/618fouNa0IL._AC_UY218_.jpg
Callaway Golf 2021 Epic Max Fairway Wood, $257.17, https://m.media-amazon.com/images/I/71Xk62NxVqL._AC_UY218_.jpg
Callaway Golf Mavrik 22 Fairway Wood, $178.00, https://m.media-amazon.com/images/I/71RxKQKc7fL._AC_UY218_.jpg
Callaway Golf 2022 Rogue ST Max Draw Driver, $395.98, https://m.media-amazon.com/images/I/71PShKEeusL._AC_UY218_.jpg
Callaway Golf Big Bertha BB23 Iron Set, $833.35, https://m.media-amazon.com/images/I/71VUY8Da5wL._AC_UY218_.jpg
Callaway Golf 2022 Rogue ST Max D Fairway Wood, $262.23, https://m.media-amazon.com/images/I/41vdN2cZSbL._AC_UY218_.jpg
POSSOT Golf Driver. Titanium Golf Drivers for Men Right Handed 10.5 Degrees of Loft. 45 Inch Driver Golf Club Available in Regular and Stiff Graphite Shaft. 470CC, $139.99, https://m.media-amazon.com/images/I/61y24VNYmlL._AC_UY218_.jpg
Callaway Big Bertha B21 Fairway, $169.99, https://m.media-amazon.com/images/I/715fZtiY0hL._AC_UY218_.jpg
Callaway Big Bertha B21 Driver (Right. RCH 55gr Graphite. Regular. 10.5 Degrees ) . Silver, $349.99, https://m.media-amazon.com/images/I/61-S9ni7leL._AC_UY218_.jpg
Callaway Golf 2023 Paradym X Fairway Wood, $349.99, https://m.media-amazon.com/images/I/71gwVYAAIFL._AC_UY218_.jpg
Callaway Golf Rogue ST MAX OS Individual Iron, $139.40, https://m.media-amazon.com/images/I/71ulzbWvuqL._AC_UY218_.jpg
Callaway Golf 2021 Epic Speed Fairway Wood, $95.99, https://m.media-amazon.com/images/I/71wR0XMfrLL._AC_UY218_.jpg
Callaway Golf Mavrik 22 Fairway Wood, $179.00, https://m.media-amazon.com/images/I/71RxKQKc7fL._AC_UY218_.jpg
POSSOT Golf Irons Individual. Golf Iron Set for Men (5.6.7.8.9.PW.AW.SW) Right Handed with Regular Flex Steel Shaft. WHI-711, $54.99, https://m.media-amazon.com/images/I/41RJn0ktQCL._AC_UY218_.jpg
Callaway Golf 2021 Epic Max Fairway Wood, $169.99, https://m.media-amazon.com/images/I/71Xk62NxVqL._AC_UY218_.jpg
Callaway Golf 2020 Mavrik Max Individual Iron, $100.00, https://m.media-amazon.com/images/I/71zUuoilOnL._AC_UY218_.jpg
New HZRDUS Yellow Fairway Shaft Extra Stiff Flex, $64.99, https://m.media-amazon.com/images/I/315Rtyf7edL._AC_UY218_.jpg
Callaway HC CG AM Vintage Fairway BLK 23 Black, $22.46, https://m.media-amazon.com/images/I/61bNlUJmZEL._AC_UY218_.jpg
Callaway Golf 2020 Mavrik Individual Iron, $100.00, https://m.media-amazon.com/images/I/71GQFkIkSaL._AC_UY218_.jpg
Mens Callaway Golf Set Driver. Wood. Hybrid. Irons. Putter. Bag Right Handed Regular Flex, $999.98, https://m.media-amazon.com/images/I/813Jsuk07hL._AC_UY218_.jpg
Callaway X HOT Fairway Wood, $129.99, https://m.media-amazon.com/images/I/31KJtmcfMfL._AC_UY218_.jpg
Callaway Golf Rogue ST MAX OS Lite Individual Iron, $155.21, https://m.media-amazon.com/images/I/71nnSVWR5kL._AC_UY218_.jpg
Vixa V12 Fairway Wood Golf Club for Men & Women- Versatile & Dependable Club for Long Accurate Shots with Heat-Treated INOX Steel Clubface & High Performance Graphite Shaft, $199.00, https://m.media-amazon.com/images/I/31bHlDj+n7L._AC_UY218_.jpg
Callaway Men's RAZR X Tour Individual Iron, $50.00, https://m.media-amazon.com/images/I/61x4zE+CvtL._AC_UY218_.jpg
Callaway HC CG AM Vintage Fairway WHT 23.White, $22.81, https://m.media-amazon.com/images/I/51LwtqondqL._AC_UY218_.jpg
PFT X9 High Moi Extreme 9 Iron Set Golf Clubs Custom Made Right Hand Stiff S Flex Steel Shafts Complete Mens Irons Ultra Forgiving OS Oversized Wide Sole Ibrid Club, $299.95, https://m.media-amazon.com/images/I/51KJB8NH8dS._AC_UY218_.jpg
Callaway Golf 2021 Apex Individual Iron, $164.06, https://m.media-amazon.com/images/I/71PG9Vn0-0L._AC_UY218_.jpg
Callaway Golf X Hot '19 Fairway Wood New, $109.90, https://m.media-amazon.com/images/I/41PM22RDoSL._AC_UY218_.jpg
Mens Callaway Complete Golf Clubs - Set Driver. 3 Wood. Hybrid. Irons. Putter. Bag Right Handed Regular Flex, $999.98, https://m.media-amazon.com/images/I/813Jsuk07hL._AC_UY218_.jpg
Callaway Golf Great Big Bertha 23 Women's Golf Fairway Wood, $178.22, https://m.media-amazon.com/images/I/51r42qTs6pL._AC_UY218_.jpg
Callaway Golf Epic Flash Fairway Men's, $229.24, https://m.media-amazon.com/images/I/71CbzrPSnwL._AC_UY218_.jpg
Callaway 2020 X-Forged Utility Iron, $249.99, https://m.media-amazon.com/images/I/51dTLcBGrNL._AC_UY218_.jpg
Callaway Golf 2021 Epic Max Fairway Wood, $169.99, https://m.media-amazon.com/images/I/71Xk62NxVqL._AC_UY218_.jpg
Extreme X5 Wide Sole iBRID Iron Set Senior Men's Complete 8-Piece Iron Set (4-SW) Right Handed Senior Flex A Flex Club with Premium Men's Arthritic Grip, $399.90, https://m.media-amazon.com/images/I/61VLC1LhKiL._AC_UY218_.jpg
Callaway Golf 2022 Rogue ST LS Fairway Wood, $263.18, https://m.media-amazon.com/images/I/41FvQp27fvL._AC_UY218_.jpg
Callaway Golf Great Big Bertha 23 Golf Fairway Wood, $299.99, https://m.media-amazon.com/images/I/51r42qTs6pL._AC_UY218_.jpg
POSSOT Golf Fairway Wood. 3/5 Wood with Graphite Shafts for Man's. Golf Club with Premium Regular and Stiff Flex Shaft. Right Handed, $99.99, https://m.media-amazon.com/images/I/71MCcmDFspL._AC_UY218_.jpg
Men's Callaway Epic MAX Fairway Wood '21 - LH R 3WD G, $169.99, https://m.media-amazon.com/images/I/51yJjeNhZKL._AC_UY218_.jpg
High-Performance Fairway Woods - with Shot Accuracy Technology (CUSTOM Made for you: Select any Length/Shaft/Flex/Grip/Degree Loft) 2-3-4-5-7-9-11-13-15-17-19-21-23-25. Priced per club +FREE headcover, $179.00, https://m.media-amazon.com/images/I/71ghLFp3KCL._AC_UY218_.jpg
Cleveland Launcher XL Driver 460cc, $249.99, https://m.media-amazon.com/images/I/51lvH2UR19L._AC_UY218_.jpg
Cleveland Launcher XL Halo Hybrid, $149.99, https://m.media-amazon.com/images/I/81p7QEGUNfL._AC_UY218_.jpg
Cleveland Launcher XL Halo Hybrid, $149.99, https://m.media-amazon.com/images/I/81p7QEGUNfL._AC_UY218_.jpg
TaylorMade Golf Stealth2 Steel Fairway #9/Right Hand Regular, $349.99, https://m.media-amazon.com/images/I/616bR+Q4R3L._AC_UY218_.jpg
Cleveland Golf Women's Launcher Halo Hybrid, $114.00, https://m.media-amazon.com/images/I/71DUu7Xrg7L._AC_UY218_.jpg
Cleveland Golf Launcher Halo Hybrid, $129.95, https://m.media-amazon.com/images/I/71DUu7Xrg7L._AC_UY218_.jpg
2022 Cleveland CBX ZipCore Wedge, $114.82, https://m.media-amazon.com/images/I/51zzpXeELEL._AC_UY218_.jpg
Cleveland Golf Launcher HB Turbo Fairway Wood, $149.99, https://m.media-amazon.com/images/I/61o0jSeQOhL._AC_UY218_.jpg
Cleveland Golf- RTX ZipCore Tour Satin Wedge, $115.99, https://m.media-amazon.com/images/I/81GYMs85r+L._AC_UY218_.jpg
Cleveland Golf RTX ZipCore Black Satin Wedge, $119.00, https://m.media-amazon.com/images/I/81uqm3joQUL._AC_UY218_.jpg
Taylormade Golf Stealth2 Fairway Steel #7/Right Hand Stiff, $297.49, https://m.media-amazon.com/images/I/616bR+Q4R3L._AC_UY218_.jpg
Cleveland CBX Full-Face Wedge, $99.99, https://m.media-amazon.com/images/I/61az5DXVKyL._AC_UY218_.jpg
Cleveland Golf CBX2 Wedge, $104.99, https://m.media-amazon.com/images/I/81QBw8L5qfL._AC_UY218_.jpg
Cleveland Golf Women's Launcher Halo Hybrid, $114.00, https://m.media-amazon.com/images/I/71DUu7Xrg7L._AC_UY218_.jpg
2023 Cleveland CBX Full-Face 2 Wedge, $149.00, https://m.media-amazon.com/images/I/51y1ngTLYfL._AC_UY218_.jpg
Cleveland Golf Launcher Turbo HB Iron Set, $899.99, https://m.media-amazon.com/images/I/61AB5ts770L._AC_UY218_.jpg
Hybrid Sports - NFL Distressed Team Logo - Officially Licensed Adult Short Sleeve Fan Tee for Men and Women, $29.95, https://m.media-amazon.com/images/I/81tRzzK2EUL._AC_UY218_.jpg
Hybrid Sports - NFL City Block - Adult Unisex Pullover Hoodie for Men and Women - Officially Licensed Apparel, $59.95, https://m.media-amazon.com/images/I/718WC5DKj5L._AC_UY218_.jpg
XINGGM Forged Golf Wedge for Men - 52/56/60 Degree Gap Wedge Sand Wedge Lob Wedge Right Hand.Milled Face for More Spin.Easily Escape from Bunker, $32.99, https://m.media-amazon.com/images/I/61MSvJ-OTzL._AC_UY218_.jpg
Hybrid Sports NFL Football Arch - Officially Licensed Adult Short Sleeve Fan Tee for Men and Women, $29.95, https://m.media-amazon.com/images/I/71K7fagSKPL._AC_UY218_.jpg
Hybrid Sports NFL - Established - Officially Licensed Adult Long Sleeve Fan Tee for Men and Women, $34.99, https://m.media-amazon.com/images/I/71uDw1OwR0L._AC_UY218_.jpg
Hybrid Sports - NFL City Block - Adult Unisex Pullover Hoodie for Men and Women - Officially Licensed Apparel, $59.95, https://m.media-amazon.com/images/I/718WC5DKj5L._AC_UY218_.jpg
Team Effort NFL Caddie Carry Hybrid Golf Bag, $269.99, https://m.media-amazon.com/images/I/816+D4Y6e6L._AC_UY218_.jpg
Cutter & Buck Men's NFL Adapt Eco Knit Hybrid Recycled Quarter-Zip Throwback Pullover Top, $89.99, https://m.media-amazon.com/images/I/51zPLIgIRzL._AC_UY218_.jpg
Cutter & Buck Men's NFL Adapt Eco Knit Hybrid Recycled Quarter-Zip Raglan Jacket, $84.99, https://m.media-amazon.com/images/I/513MoUs-TBL._AC_UY218_.jpg
Cutter & Buck Men's NFL Adapt Eco Knit Hybrid Recycled Full-Zip Throwback Jacket, $99.99, https://m.media-amazon.com/images/I/61Swcv0jZNL._AC_UY218_.jpg
New! Hybrids by Thomas Golf [Choose Any Hand. Any Flex. Any Loft] (2023) from Driver to LW +Includes Head Cover!, $168.98, https://m.media-amazon.com/images/I/51qTAUc3eVS._AC_UY218_.jpg
Cleveland Launcher XL Halo Iron Set, $499.95, https://m.media-amazon.com/images/I/61EYrHhhWHL._AC_UY218_.jpg
Hybrid Sports NFL Football Arch - Officially Licensed Adult Short Sleeve Fan Tee for Men and Women, $29.95, https://m.media-amazon.com/images/I/71K7fagSKPL._AC_UY218_.jpg
Cleveland Golf Launcher Halo Hybrid, $199.99, https://m.media-amazon.com/images/I/71DUu7Xrg7L._AC_UY218_.jpg
Hybrid Sports - NFL Distressed Team Logo - Officially Licensed Adult Short Sleeve Fan Tee for Men and Women, $29.95, https://m.media-amazon.com/images/I/81tRzzK2EUL._AC_UY218_.jpg
Cleveland Golf Launcher Halo Hybrid, $129.95, https://m.media-amazon.com/images/I/71DUu7Xrg7L._AC_UY218_.jpg
Cleveland CBX Full-Face Wedge, $149.99, https://m.media-amazon.com/images/I/51iHHf8Vh3L._AC_UY218_.jpg
Callaway Golf Mavrik 22 Fairway Wood, $179.97, https://m.media-amazon.com/images/I/71RxKQKc7fL._AC_UY218_.jpg
Taylormade Golf Stealth2 USA Drivers, $599.99, https://m.media-amazon.com/images/I/71faivpNSkL._AC_UY218_.jpg
POSSOT Golf Driver. Titanium Golf Drivers for Men Right Handed 10.5 Degrees of Loft. 45 Inch Driver Golf Club Available in Regular and Stiff Graphite Shaft. 470CC, $139.99, https://m.media-amazon.com/images/I/61y24VNYmlL._AC_UY218_.jpg
Taylormade BRNR Mini Driver, $409.99, https://m.media-amazon.com/images/I/71Nc63zgf1L._AC_UY218_.jpg
MAZEL Titanium Golf Drivers for Men.Right Handed.460CC, $139.00, https://m.media-amazon.com/images/I/51x+ck9gdIL._AC_UY218_.jpg
Callaway Golf 2023 Paradym X Driver, $589.99, https://m.media-amazon.com/images/I/71tCtVvBt0L._AC_UY218_.jpg
Cleveland RTX Full Face Tour Satin Mens Right Hand Wedge, $159.99, https://m.media-amazon.com/images/I/517pRCCfkAS._AC_UY218_.jpg
Cleveland Golf Club Launcher XL 10.5* Driver 5.5 Graphite New, $249.99, https://m.media-amazon.com/images/I/81eKt100ozL._AC_UY218_.jpg
2022 Cleveland CBX ZipCore Wedge, $159.99, https://m.media-amazon.com/images/I/51zzpXeELEL._AC_UY218_.jpg
RTX Full-Face BKS 60 RH, $159.00, https://m.media-amazon.com/images/I/71IP9x3FQcL._AC_UY218_.jpg
Cleveland Golf RTX ZipcoreBKS 54 Mid RH. Black (11202919), $119.00, https://m.media-amazon.com/images/I/81uqm3joQUL._AC_UY218_.jpg
Callaway Golf 2020 Mavrik Fairway Wood, $96.99, https://m.media-amazon.com/images/I/716LCEJ-qEL._AC_UY218_.jpg
New Cleveland CBX Full Face 64° Lob Wedge 10° Rotex Graphite Wedge Flex, $99.99, https://m.media-amazon.com/images/I/51bR-HsHhPL._AC_UY218_.jpg
Cleveland Golf Women's Launcher HB Turbo Fairway Wood, $149.99, https://m.media-amazon.com/images/I/61o0jSeQOhL._AC_UY218_.jpg
Cleveland CBXZipcoreTS50 ST RH, $114.99, https://m.media-amazon.com/images/I/51zzpXeELEL._AC_UY218_.jpg
Cleveland Launcher XL Driver 460cc, $249.99, https://m.media-amazon.com/images/I/51lvH2UR19L._AC_UY218_.jpg
C3i Wedge - Premium Sand Wedge. Lob Wedge for Men & Women - Escape Bunkers in One. Easy Flop Shots – Legal for Tournament Play. Quickly Cuts Strokes from Your Short Game- High Loft Golf Club, $99.00, https://m.media-amazon.com/images/I/31J6+KHLYiL._AC_UY218_.jpg
Cleveland Launcher XL Halo Hybrid, $149.99, https://m.media-amazon.com/images/I/81p7QEGUNfL._AC_UY218_.jpg
Cleveland RTX Full Face Tour Satin Mens Right Hand Wedge, $159.99, https://m.media-amazon.com/images/I/8196rzfzEhL._AC_UY218_.jpg
High-Performance Fairway Woods - with Shot Accuracy Technology (CUSTOM Made for you: Select any Length/Shaft/Flex/Grip/Degree Loft) 2-3-4-5-7-9-11-13-15-17-19-21-23-25. Priced per club +FREE headcover, $179.00, https://m.media-amazon.com/images/I/71ghLFp3KCL._AC_UY218_.jpg
Cleveland Golf RTX ZipCore Tour Rack Raw Wedge, $109.97, https://m.media-amazon.com/images/I/51ypAFh+qHL._AC_UY218_.jpg
Callaway Big Bertha B21 Fairway, $169.99, https://m.media-amazon.com/images/I/715fZtiY0hL._AC_UY218_.jpg
Cleveland Golf CBX 2 Wedge, $152.56, https://m.media-amazon.com/images/I/81kVjQLZKsL._AC_UY218_.jpg
2022 XXIO Women Prime Royal Edition 4 Fairway Wood RH 5 21 Graph Lady, $499.99, https://m.media-amazon.com/images/I/61FIzrKFYwL._AC_UY218_.jpg
Cleveland Golf RTX ZipcoreBKS 56 Full RH. Black. 11202923, $119.99, https://m.media-amazon.com/images/I/81uqm3joQUL._AC_UY218_.jpg
MAZEL Wedge Golf Clubs for Female.52/56 Degree Strawberry Shape Women Wedges for Valentine's Day.Birthday.Christmas.Thanksgiving Gift, $69.00, https://m.media-amazon.com/images/I/51iZyuak6fL._AC_UY218_.jpg
Pinemeadow PGX Offset Golf Fairway Woods, $44.70, https://m.media-amazon.com/images/I/61c+g2uUwrL._AC_UY218_.jpg
New Left Handed Cleveland CBX Full Face 60° Lob Wedge 10° Rotex Graphite Wedge, $99.99, https://m.media-amazon.com/images/I/51bR-HsHhPL._AC_UY218_.jpg
Vixa V12 Fairway Wood Golf Club for Men & Women- Versatile & Dependable Club for Long Accurate Shots with Heat-Treated INOX Steel Clubface & High Performance Graphite Shaft, $199.00, https://m.media-amazon.com/images/I/31bHlDj+n7L._AC_UY218_.jpg
Cleveland RTX ZipcoreBKS 58 Mid RH, $119.00, https://m.media-amazon.com/images/I/81uqm3joQUL._AC_UY218_.jpg
Cobra Golf 2022 Air X Men's Fairway, $127.98, https://m.media-amazon.com/images/I/41CJ-dRkdtL._AC_UY218_.jpg
Callaway Golf X Hot '19 Fairway Wood New, $109.90, https://m.media-amazon.com/images/I/41PM22RDoSL._AC_UY218_.jpg
Mile High Life | Entry Level Golf Sand Wedge Sets | Beginner’s Golf Gap Wedge Sets | Lob Wedge Golf Clubs for Men & Women | 50/52/54/56/58/60 Right Handed, $82.99, https://m.media-amazon.com/images/I/71IJ4ZopN5L._AC_UY218_.jpg
MW8 Moon Wood – Premium Golf Fairway Wood for Men and Women – Golf Club Includes Headcover – Legal for Tournament Play, $179.00, https://m.media-amazon.com/images/I/61bSTqtGwdL._AC_UY218_.jpg
Square Strike Wedge -Pitching & Chipping Wedge for Men & Women -Legal for Tournament Play -Engineered by Hot List Winning Designer -Cut Strokes from Your Golf Game Fast, $99.00, https://m.media-amazon.com/images/I/61RLbSu5YkL._AC_UY218_.jpg
POSSOT Golf Fairway Wood. 3/5 Wood with Graphite Shafts for Man's. Golf Club with Premium Regular and Stiff Flex Shaft. Right Handed, $99.99, https://m.media-amazon.com/images/I/71MCcmDFspL._AC_UY218_.jpg
WENGH Golf Fairway 3 Wood or 5 Wood.Golf Fairway Woods for Men Right Handed Golfers.with Graphite Shaft (Flex-Reqular)-43.5 Inch, $109.00, https://m.media-amazon.com/images/I/61bqHdZd3oL._AC_UY218_.jpg
MAZEL Forged Golf Sand Wedge.Gap Wedge.Lob Wedge for Men.48/52/54/56/58/60 Degree Individual Golf Wedge.Milled Face for More Spin.Right Hand, $57.80, https://m.media-amazon.com/images/I/61snu4PGBjL._AC_UY218_.jpg
Cleveland Huntington Beach Soft 4 Mens Right Hand Putter, $149.99, https://m.media-amazon.com/images/I/81FvxLk4RxL._AC_UY218_.jpg
Cleveland Huntington Beach Soft 11 Mens Right Hand Putter, $139.98, https://m.media-amazon.com/images/I/811vEB6jGEL._AC_UY218_.jpg
Cleveland Golf Huntington Beach Soft Premier #4 Putter, $149.99, https://m.media-amazon.com/images/I/71mQssVRxaL._AC_UY218_.jpg
Cleveland Golf Huntington Beach Soft Premier #11 Slant Putter, $149.99, https://m.media-amazon.com/images/I/71MH57ZHwDL._AC_UY218_.jpg
Cleveland Golf Huntington Beach Soft Premier #10.5 Putter, $139.90, https://m.media-amazon.com/images/I/71hMrO+6uaL._AC_UY218_.jpg
Cleveland Golf Huntington Beach Soft #14 Single Bend Shaft Putter, $139.97, https://m.media-amazon.com/images/I/81vM7No44JL._AC_UY218_.jpg
Cleveland Golf Huntington Beach Soft Premier #3 Slant Putter, $148.79, https://m.media-amazon.com/images/I/71q6TovW1aL._AC_UY218_.jpg
Cleveland Golf Huntington Beach Soft Premier #10.5 Center Shaft Putter, $149.99, https://m.media-amazon.com/images/I/71Y+6lMRPOL._AC_UY218_.jpg
Cleveland Golf Frontline 2.0 Flow Neck Putter, $149.99, https://m.media-amazon.com/images/I/51CjlxLQaHL._AC_UY218_.jpg
Cleveland Golf Huntington Beach Soft Premier #11 Single Bend Putter, $139.99, https://m.media-amazon.com/images/I/71GtOrfNG8L._AC_UY218_.jpg
Cleveland Golf Huntington Beach Soft Putter #4 Blade Mens/#11S Mallet Mens Womens Right Hand PHBS2011J, $110.91, https://m.media-amazon.com/images/I/71DX+Mk57EL._AC_UY218_.jpg
Venture Golf Milled Face Blade Putter 35 Inch Right Hand, $59.99, https://m.media-amazon.com/images/I/41CIeuqhpKL._AC_UY218_.jpg
Cleveland Huntington Beach Soft 10.5 Mens Right Hand Putter, $138.01, https://m.media-amazon.com/images/I/81AsX8uHzpL._AC_UY218_.jpg
Cleveland Golf Huntington Beach Soft Premier #8 Putter, $139.99, https://m.media-amazon.com/images/I/71sAb7bUZCL._AC_UY218_.jpg
Cleveland Huntington Beach Soft 10.5CS Mens Right Hand Putter, $139.30, https://m.media-amazon.com/images/I/81BWnFm1FmL._AC_UY218_.jpg
Cleveland Golf Huntington Beach Soft Premier #14 Single Bend Shaft Putter, $149.99, https://m.media-amazon.com/images/I/71GSfT4V3TL._AC_UY218_.jpg
POSSOT Golf Putter Zinc Aluminum Alloy Putters Golf Club Right Handed CNC Milled Putter Face Sturdy Steel Shafts Easy-to-Control Grip for Man and Woman Golfer, $45.99, https://m.media-amazon.com/images/I/61FTQf8As6L._AC_UY218_.jpg
Cleveland Golf Frontline 4.0 Putter, $138.47, https://m.media-amazon.com/images/I/61br2RpAOML._AC_UY218_.jpg
Mile High Life | Men’s Golf Putter with Premium Grip | Right Handed Putters with Aim Line | Mallet Putter for Entry Level Golfer | Value Alternative to Major Brands, $38.99, https://m.media-amazon.com/images/I/615eR7NAWlL._AC_UY218_.jpg
Golf Putter. 2 Pack Golf Putters for Men & Women Mini Putter Right or Left Handed Golfers Adjustable Club Golf Set for Children Teenagers Adults, $32.98, https://m.media-amazon.com/images/I/61COZNIz1bL._AC_UY218_.jpg
MAZEL Tour GS Men's Golf Putter.Right Handed.Golf Head Cover Inlcuded, $56.80, https://m.media-amazon.com/images/I/41AUmEXWBQL._AC_UY218_.jpg
Titleist Vokey Design SM9 Tour Chrome Wedge 60.08M, $179.95, https://m.media-amazon.com/images/I/41nRMqh7GLL._AC_UY218_.jpg
Titleist Vokey Design SM9 Tour Chrome Wedge 46 10 F, $179.95, https://m.media-amazon.com/images/I/41nRMqh7GLL._AC_UY218_.jpg
Titleist Vokey Design SM9 Jet Black Wedge 52 08 F, $199.95, https://m.media-amazon.com/images/I/41NYDvTvRjL._AC_UY218_.jpg
Titleist Vokey Design SM9 Tour Chrome Wedge 56 14 F, $179.00, https://m.media-amazon.com/images/I/41nRMqh7GLL._AC_UY218_.jpg
Titleist T300 2021 4-PW. AW Iron Set Regular Steel Very Good, $1.141.99, https://m.media-amazon.com/images/I/71l1vLA6f3L._AC_UY218_.jpg
Titleist SM9 Wedge DE Golf. Men. Brushed Steel. 56.08M, $194.95, https://m.media-amazon.com/images/I/41Un68coHLL._AC_UY218_.jpg
Cobra Golf 2021 Men's King RF MB Copper Iron Set, $1.269.24, https://m.media-amazon.com/images/I/41N2XJ+2woL._AC_UY218_.jpg
Titleist SM9 Wedge DE Golf. Men. Tour Chrome. 52.08F, $179.95, https://m.media-amazon.com/images/I/41nRMqh7GLL._AC_UY218_.jpg
Titleist T100II Golf Iron Set. Men. Chrome. 24th, $1.299.99, https://m.media-amazon.com/images/I/51uhj8OFiVL._AC_UY218_.jpg
P770 Iron Set. Steel Shaft, $999.95, https://m.media-amazon.com/images/I/61Cd40gM4tL._AC_UY218_.jpg
Titleist Vokey Design SM9 Jet Black Wedge 56 10, $199.95, https://m.media-amazon.com/images/I/41NYDvTvRjL._AC_UY218_.jpg
Titleist SM9 Wedge Golf. Men. Jet Black. 56.08M, $179.00, https://m.media-amazon.com/images/I/41NYDvTvRjL._AC_UY218_.jpg
Titleist SM9 Wedge Golf. Men. Jet Black. 56.14F, $199.95, https://m.media-amazon.com/images/I/41NYDvTvRjL._AC_UY218_.jpg
Titleist Vokey Design SM9 Tour Chrome Wedge 56.08M, $179.95, https://m.media-amazon.com/images/I/41nRMqh7GLL._AC_UY218_.jpg
Titleist Men's T200ii Iron Set. Chrome. 22º, $1.299.00, https://m.media-amazon.com/images/I/41sqtE+8iaL._AC_UY218_.jpg
Titleist T-Series T100IIS Men's Right Handed Iron [Genuine Shaft Mounted Model Catalog, $866.52, https://m.media-amazon.com/images/I/61rwrDQHCSL._AC_UY218_.jpg
Titleist Vokey Design SM9 Tour Chrome Wedge 54 10, $179.00, https://m.media-amazon.com/images/I/41nRMqh7GLL._AC_UY218_.jpg
XINGGM Forged Golf Wedge for Men - 52/56/60 Degree Gap Wedge Sand Wedge Lob Wedge Right Hand.Milled Face for More Spin.Easily Escape from Bunker, $29.99, https://m.media-amazon.com/images/I/71e0cbkRv3L._AC_UY218_.jpg
Titleist T300II Golf Iron Set. Men. Chrome. 23º, $999.99, https://m.media-amazon.com/images/I/41HWvmL1F4L._AC_UY218_.jpg
Titleist Vokey Design SM9 Tour Chrome Wedge 58 10, $199.95, https://m.media-amazon.com/images/I/41nRMqh7GLL._AC_UY218_.jpg
Cobra Golf 2021 Men's King Mim Tour Copper Iron Set, $833.39, https://m.media-amazon.com/images/I/5123FU+jTyL._AC_UY218_.jpg
Titleist Vokey Design SM9 Brushed Steel Wedge 54 12, $194.95, https://m.media-amazon.com/images/I/41Un68coHLL._AC_UY218_.jpg
Titleist T300II Golf Iron Set. Men. Chrome. 23º, $1.614.88, https://m.media-amazon.com/images/I/41HWvmL1F4L._AC_UY218_.jpg
Titleist Vokey Design SM9 Tour Chrome Wedge 60 14, $185.00, https://m.media-amazon.com/images/I/41nRMqh7GLL._AC_UY218_.jpg
Bulex Golf Club Groove Sharpener. Re-Grooving Tool and Cleaner for Wedges & Irons - Generate Optimal Backspin - Suitable for U & V-Grooves, $6.99, https://m.media-amazon.com/images/I/51v-eUFOwEL._AC_UY218_.jpg
Titleist Vokey Design SM9 Tour Chrome Wedge 54.14F, $199.95, https://m.media-amazon.com/images/I/41nRMqh7GLL._AC_UY218_.jpg
POSSOT Golf Irons Individual. Golf Iron Set for Men (5.6.7.8.9.PW.AW.SW) Right Handed with Regular Flex Steel Shaft. WHI-711, $289.99, https://m.media-amazon.com/images/I/71n-kdbx8NL._AC_UY218_.jpg
Square Strike Wedge -Pitching & Chipping Wedge for Men & Women -Legal for Tournament Play -Engineered by Hot List Winning Designer -Cut Strokes from Your Golf Game Fast, $99.00, https://m.media-amazon.com/images/I/61RLbSu5YkL._AC_UY218_.jpg
Titleist SM9 Wedge Golf. Men. Jet Black. 56.14F, $199.95, https://m.media-amazon.com/images/I/41NYDvTvRjL._AC_UY218_.jpg
Mile High Life | Entry Level Golf Sand Wedge Sets | Beginner’s Golf Gap Wedge Sets | Lob Wedge Golf Clubs for Men & Women | 50/52/54/56/58/60 Right Handed, $82.99, https://m.media-amazon.com/images/I/71IJ4ZopN5L._AC_UY218_.jpg
2023 Taylormade Golf P790 Irons, $1.399.95, https://m.media-amazon.com/images/I/51XY7ce1XzL._AC_UY218_.jpg
Bermuda Premium Golf Wedge Set for Men - 52 56 60 Degree Golf Wedges - Cavity Back Design with Full Face Milling for More Spin and Control, $169.99, https://m.media-amazon.com/images/I/61lx9Txj2BL._AC_UY218_.jpg
PING New 2021 G425 Driver Black/Gray Headcover, $21.95, https://m.media-amazon.com/images/I/61L1K6ClMZS._AC_UY218_.jpg
MAZEL Wedge Golf Clubs for Female.52/56 Degree Strawberry Shape Women Wedges for Valentine's Day.Birthday.Christmas.Thanksgiving Gift, $55.00, https://m.media-amazon.com/images/I/610J3STFOeL._AC_UY218_.jpg
PING Golf G425 LST 9° Driver Alta CB 55 Slate Stiff, $629.95, https://m.media-amazon.com/images/I/711QK3BUg8L._AC_UY218_.jpg
TaylorMade SiM 2 Max Rescue Mens, $189.98, https://m.media-amazon.com/images/I/41BqrTHSjdL._AC_UY218_.jpg
Used Ping 2013 Anser 3-hybrid 3h 20.00 Degrees Graphite Regular Right Handed 40.00", $179.99, https://m.media-amazon.com/images/I/81SCNQfS78L._AC_UY218_.jpg
PING G410 Plus Driver (Right. ALTA CB Red Graphite. Regular. 10.5), $499.95, https://m.media-amazon.com/images/I/61eIfl+IjyL._AC_UY218_.jpg
Callaway Big Bertha B21 Driver (Right. RCH 55gr Graphite. Regular. 10.5 Degrees ) . Silver, $349.99, https://m.media-amazon.com/images/I/61-S9ni7leL._AC_UY218_.jpg
PING Golf G425 Max 9° Driver Alta CB 55 Slate Regular, $629.95, https://m.media-amazon.com/images/I/51+FoLSepLL._AC_UY218_.jpg
Pin Driver G425 MAX Golf Ping Tour 173-65 2020 Model Men's Ping, $599.95, https://m.media-amazon.com/images/I/61zFODo6qFL._AC_UY218_.jpg
Callaway Golf Rogue ST Max Iron Set, $531.94, https://m.media-amazon.com/images/I/71hhp10od0L._AC_UY218_.jpg
4X Golf Weight Screw Fit for Ping G425 SFT LST Driver. G425 Max Driver RH LH 15g 19g 21g 27g, $42.88, https://m.media-amazon.com/images/I/81qJB43i3jL._AC_UY218_.jpg
Callaway Golf Mavrik 22 Iron Set, $509.99, https://m.media-amazon.com/images/I/81fCQqzkaOL._AC_UY218_.jpg
PING G410 Plus Driver (Right HAND-9-REGULAR Flex-ALTA CB RED Graphite), $499.95, https://m.media-amazon.com/images/I/61eIfl+IjyL._AC_UY218_.jpg
PING Golf G410 Plus 10.5° Driver Alta CB 55 Red Soft Regular, $499.95, https://m.media-amazon.com/images/I/61eIfl+IjyL._AC_UY218_.jpg
POSSOT Golf Driver. Titanium Golf Drivers for Men Right Handed 10.5 Degrees of Loft. 45 Inch Driver Golf Club Available in Regular and Stiff Graphite Shaft. 470CC, $139.99, https://m.media-amazon.com/images/I/61y24VNYmlL._AC_UY218_.jpg
PGM Men's Professional Golf Driver 1 | Low Center of Gravity. Long Distance. Adjustable Loft. Titanium Head, $159.99, https://m.media-amazon.com/images/I/71xBdUwVIzL._AC_UY218_.jpg
TaylorMade M4 Drivers Mens, $249.98, https://m.media-amazon.com/images/I/619xZKJ962S._AC_UY218_.jpg
MAZEL Titanium Golf Drivers for Men.Right Handed.460CC, $139.00, https://m.media-amazon.com/images/I/51x+ck9gdIL._AC_UY218_.jpg
Aerojet LS Driver, $549.00, https://m.media-amazon.com/images/I/61VG31PKo0L._AC_UY218_.jpg
WENGH Titanium Golf Driver for Men and Women Right Handed（10.5 Degrees.470CC，Flex-Regular） Golf Club Drivers with Graphite Shaft-45.5 Inch, $155.00, https://m.media-amazon.com/images/I/61NCsEuUHzL._AC_UY218_.jpg
Cobra Golf 2022 LTDX Men's LTDX Iron Set, $598.52, https://m.media-amazon.com/images/I/71ibAhEF4rL._AC_UY218_.jpg
Callaway Golf 2022 Rogue ST Max Hybrid, $229.98, https://m.media-amazon.com/images/I/41W9iW3MZaL._AC_UY218_.jpg
WENGH Golf Irons Set 9 pcs(4.5.6.7.8.9.PW.GW.SW) or Individual Golf Iron 7 for Men Right Handed Golfers -(Flex- Regular), $239.99, https://m.media-amazon.com/images/I/715rTbKy2ZL._AC_UY218_.jpg
Mizuno Pro 225 Golf Irons, $188.00, https://m.media-amazon.com/images/I/51KPvwRWpgL._AC_UY218_.jpg
Menâ€™s Powerbilt Golf EX-550 Hybrid Iron Set. which Includes: #4. 5. 6. 7. 8. 9. PW +SW Regular Flex Graphite Right Handed New Utility Clubs, $279.95, https://m.media-amazon.com/images/I/61TgP24sLAL._AC_UY218_.jpg
Titleist Men's T200ii Iron Set. Chrome. 22º, $1.299.00, https://m.media-amazon.com/images/I/41sqtE+8iaL._AC_UY218_.jpg
MAZEL Golf Irons Set (9PCS) Including 3.4.5.6.7.8.9.Pitching Wedge.Sand Wedge with Steel Shafts for Right Handed Men & Women Golfers, $327.00, https://m.media-amazon.com/images/I/71UL00WxrTL._AC_UY218_.jpg
Cobra Golf 2022 Air X Men's Hybrid, $99.00, https://m.media-amazon.com/images/I/415L4klh7aL._AC_UY218_.jpg
Cobra Golf 2022 LTDX Men's Hybrid, $159.00, https://m.media-amazon.com/images/I/41N39rMewcL._AC_UY218_.jpg
Taylormade Golf Stealth2 High Draw Rescue 4-23/Left Hand Stiff, $279.99, https://m.media-amazon.com/images/I/51ginOzyHFL._AC_UY218_.jpg
TaylorMade Stealth Rescue, $229.98, https://m.media-amazon.com/images/I/611Ki8K1zAL._AC_UY218_.jpg
Callaway Golf 2022 Rogue ST Max OS Hybrid, $229.98, https://m.media-amazon.com/images/I/41shfOuNynL._AC_UY218_.jpg
LAZRUS GOLF Premium Hybrid Golf Clubs for Men - 2.3.4.5.6.7.8.9.PW Right Hand & Left Hand Single Club. Graphite Shafts. Regular Flex, $62.00, https://m.media-amazon.com/images/I/71ecHvw1ayL._AC_UY218_.jpg
New! Hybrids by Thomas Golf [Choose Any Hand. Any Flex. Any Loft] (2023) from Driver to LW +Includes Head Cover!, $168.98, https://m.media-amazon.com/images/I/51zEM218PDS._AC_UY218_.jpg
Callaway Golf 2023 Paradym Hybrid, $299.95, https://m.media-amazon.com/images/I/61vqS-jbFhL._AC_UY218_.jpg
Tour Edge Hot Launch C522 Hybrid, $99.99, https://m.media-amazon.com/images/I/51kbGM8+BPL._AC_UY218_.jpg
Callaway Big Bertha B21 Hybrid, $128.90, https://m.media-amazon.com/images/I/61AD8wWh8oL._AC_UY218_.jpg
Cobra Golf 2021 Women's Radspeed Hybrid, $84.99, https://m.media-amazon.com/images/I/51RE8KdDm3L._AC_UY218_.jpg
𝘾𝙤𝙢𝙥𝙡𝙚𝙩𝙚 𝙂𝙤𝙡𝙛 𝘾𝙡𝙪𝙗𝙨 𝙎𝙚𝙩 𝙛𝙤𝙧 𝙈𝙚𝙣 𝙍𝙞𝙜𝙝𝙩 𝙃𝙖𝙣𝙙𝙚𝙙 12 Piece Golf Driver. Fairway Wood. Hybrid. Irons. Wedge Putter with Golf Stand Bag, $289.98, https://m.media-amazon.com/images/I/81WJpKHAUDL._AC_UY218_.jpg
Callaway Golf 2022 Rogue ST Pro Hybrid, $219.06, https://m.media-amazon.com/images/I/41Tg1I1OPGL._AC_UY218_.jpg
DAZUZ Golf Weight Screw for PING G25 I25 Anser Driver Fairway Wood Hybrid 2.5g /4g /5.5g /7g /8.5g /10g Please Choose, $14.99, https://m.media-amazon.com/images/I/614TPimaihL._AC_UY218_.jpg
Aerojet ONE Length Irons, $1.099.00, https://m.media-amazon.com/images/I/61ydNf2THGL._AC_UY218_.jpg
Aerojet Women's Hybrid, $278.99, https://m.media-amazon.com/images/I/51oLXWCA9YL._AC_UY218_.jpg
Titleist TS2 Driver Headcover Red/White/Black, $24.80, https://m.media-amazon.com/images/I/51Uua-59FVL._AC_UY218_.jpg
Titleist TSi2 10 Degree Regular Mens Right Hand Driver, $579.24, https://m.media-amazon.com/images/I/51zNCjS3k4L._AC_UY218_.jpg
Titleist TSi2 Driver 9* (Tensei AV Series Blue 55 Stiff) Golf Club, $576.02, https://m.media-amazon.com/images/I/51-lvpXv8gL._AC_UY218_.jpg
Titleist New TS2 Driver Headcover Black/Red/White, $17.49, https://m.media-amazon.com/images/I/51Nrw4akW5L._AC_UY218_.jpg
Titleist 915D2 9.5 Degree Driver Diamana S+ Blue 60 Stiff Graphite Right, $16.95, https://m.media-amazon.com/images/I/716QDyOV9+L._AC_UY218_.jpg
Titleist TSi3 Mens Right Hand Driver, $540.70, https://m.media-amazon.com/images/I/51fH1SMs09L._AC_UY218_.jpg
Titleist TSR2 Driver 9 HRZDUS RED 50 Stiff 6.0, $599.00, https://m.media-amazon.com/images/I/61GRF5FPNoL._AC_UY218_.jpg
POSSOT Golf Driver. Titanium Golf Drivers for Men Right Handed 10.5 Degrees of Loft. 45 Inch Driver Golf Club Available in Regular and Stiff Graphite Shaft. 470CC, $139.99, https://m.media-amazon.com/images/I/61y24VNYmlL._AC_UY218_.jpg
Bulex Golf Club Groove Sharpener. Re-Grooving Tool and Cleaner for Wedges & Irons - Generate Optimal Backspin - Suitable for U & V-Grooves, $6.99, https://m.media-amazon.com/images/I/51v-eUFOwEL._AC_UY218_.jpg
Titleist Pro V1 Golf Balls (One Dozen), $54.97, https://m.media-amazon.com/images/I/716fw7DARBL._AC_UY218_.jpg
BAIRBRE Golf Head Covers Field Hockey Mask Golf Club Covers Golf Driver Cover Fariway Wood Headcover Hybrid Head Covers 3 Wood Headcover Golf Headcovers for Scotty Cameron Taylormade Titleist Odyssey, $56.99, https://m.media-amazon.com/images/I/61mULPEM7SL._AC_UY218_.jpg
NA 1pc Golf Shaft Sleeve Adapter Compatible with Titleist 917 915 913 TS2 TS3 TSi2 TSi3 Driver Tip .335/.350 for Option, $13.66, https://m.media-amazon.com/images/I/41sz2h3-faL._AC_UY218_.jpg
MAZEL Titanium Golf Drivers for Men.Right Handed.460CC, $139.00, https://m.media-amazon.com/images/I/51x+ck9gdIL._AC_UY218_.jpg
1pc Golf Weight Replacement for Titleist TSR2 TSR4 Driver Fairway Wood 3g-25g for Option, $18.99, https://m.media-amazon.com/images/I/51nfKeRSpjL._AC_UY218_.jpg
WENGH Titanium Golf Driver for Men and Women Right Handed（10.5 Degrees.470CC，Flex-Regular） Golf Club Drivers with Graphite Shaft-45.5 Inch, $155.00, https://m.media-amazon.com/images/I/61NCsEuUHzL._AC_UY218_.jpg
